intern_id,intern_name,department,mentor_name,join_date,end_date
I0001,Sheila Johnson,HR,Kayla Gomez,2024-02-02,2024-08-07
I0002,David Richmond,IT,Tracy Mccormick,2024-04-10,2024-08-06
I0003,Samantha Marshall,Finance,Ian Black,2024-01-23,2024-11-03
I0004,Kristin Keller,IT,Stephanie Ryan,2024-01-10,2024-11-16
I0005,Lisa Bush,IT,Stephen Lynch,2024-03-09,2024-10-08
I0006,Mr. Brandon Miller,Marketing,Jeffrey Swanson,2024-04-09,2024-09-15
I0007,Jessica Olson,Finance,Julie Johnson,2024-02-03,2024-07-03
I0008,Jamie Chen,Finance,Michelle Peterson,2024-06-28,2024-12-08
I0009,Tammy Lowe,Finance,Kristina Jones MD,2024-05-17,2024-11-11
I0010,Robert Crosby,IT,Alexis Jones,2024-05-26,2024-12-25
I0011,Dwayne King,HR,Derrick Morales,2024-04-05,2024-07-10
I0012,Kristine Martinez,Finance,Logan Martin,2024-01-01,2024-07-05
I0013,Amy Hobbs,Operations,Katie Juarez,2024-03-09,2024-11-28
I0014,Janet Jacobs,IT,Benjamin Oneal,2024-01-04,2024-11-15
I0015,Kathryn Strickland,Marketing,Kristina Harrison,2024-01-16,2024-12-19
I0016,Jennifer Hernandez,HR,Steven Davis,2024-01-24,2024-11-07
I0017,Shari Wallace,Operations,Kimberly Wiggins,2024-03-20,2024-07-13
I0018,Jennifer Macdonald,Operations,Danielle Johnson,2024-01-02,2024-12-15
I0019,Gabriel Garza,Marketing,Sandra Francis,2024-05-07,2024-11-07
I0020,Sheri Daniels,HR,Dana Blair,2024-06-08,2024-09-22
I0021,Elizabeth Rowe DVM,IT,Aaron Hernandez,2024-03-24,2024-09-03
I0022,Martin Burke,Data Science,Joseph Mason,2024-05-31,2024-09-01
I0023,Angela Goodman,HR,Lisa Smith,2024-05-19,2024-10-09
I0024,David Davis,Marketing,Aaron Jacobs,2024-06-26,2024-09-11
I0025,Cheryl Cain,Operations,Robert Wilson,2024-06-11,2024-07-17
I0026,Katherine Villa,IT,Jasmine Watts,2024-05-03,2024-07-09
I0027,Brian Wang,HR,Ryan Robertson,2024-02-02,2024-11-20
I0028,Jose Meadows,Data Science,Mary Williams,2024-06-09,2024-11-29
I0029,Theresa Freeman,Data Science,Robert Austin,2024-06-27,2024-08-07
I0030,Leslie Williamson,Finance,Cindy Patton,2024-06-19,2024-12-10
I0031,Javier Villa,Finance,Mark Carr,2024-04-10,2024-10-02
I0032,Daniel Richardson,Marketing,Jessica Morgan,2024-01-12,2024-10-03
I0033,Jeffrey Sharp,HR,Jonathan Coleman,2024-03-07,2024-08-18
I0034,Daniel Delgado,HR,Virginia Fowler,2024-03-05,2024-09-07
I0035,Brandi Rodriguez,Operations,Daniel Christensen,2024-06-09,2024-08-31
I0036,Kyle Ortiz,Operations,Darryl Miller,2024-06-16,2024-12-25
I0037,Heather Carey,Operations,Phillip Hill,2024-03-14,2024-09-16
I0038,Matthew Rogers,Finance,Tommy Brown,2024-02-12,2024-10-25
I0039,Carrie Crawford,HR,Paula West,2024-02-13,2024-10-28
I0040,Patrick Juarez,HR,Brian Sheppard,2024-01-29,2024-11-14
I0041,Tom Thompson,Data Science,Michael Richardson,2024-05-20,2024-12-09
I0042,Peter Hoffman,Finance,Kevin Ortega,2024-01-12,2024-09-14
I0043,Kaitlyn Smith,IT,Kim Frey,2024-04-04,2024-08-04
I0044,Derek Miller,Finance,Tammy Lee,2024-02-15,2024-07-01
I0045,Zachary Walton,IT,Nancy Stewart,2024-05-09,2024-08-09
I0046,Clayton Khan,Data Science,Cindy Sanchez,2024-02-04,2024-09-02
I0047,Eric Rivers,Marketing,Madison Pham,2024-03-21,2024-11-27
I0048,Rachael Dunlap,HR,Rebecca Trujillo,2024-03-30,2024-08-29
I0049,David Smith,Data Science,Tristan Murphy,2024-01-08,2024-09-02
I0050,Karen Thompson,HR,Lauren Scott,2024-04-02,2024-10-01
I0051,Alyssa Tate,Operations,Lindsay Smith,2024-06-02,2024-09-10
I0052,James Park,Marketing,James Stevenson,2024-03-30,2024-07-11
I0053,Kelli Leonard,Marketing,Kenneth Carlson,2024-06-10,2024-10-13
I0054,Phillip Murphy,Data Science,Brian Santiago,2024-04-24,2024-07-14
I0055,Rachel Jones,Marketing,Linda Wilson,2024-04-14,2024-08-29
I0056,Matthew Benson,IT,Christopher Austin,2024-05-14,2024-07-30
I0057,Amy Webb,Marketing,Jacob Green,2024-02-27,2024-08-04
I0058,Julie George,HR,George Melton,2024-04-23,2024-12-12
I0059,Amy Woods,HR,John Ross,2024-03-15,2024-07-05
I0060,Karen Adams,HR,Michelle Sherman,2024-06-05,2024-09-21
I0061,Michael Cain,HR,Scott Kelly,2024-04-29,2024-10-31
I0062,Sarah Rice,IT,Brett Hunt,2024-06-12,2024-09-16
I0063,Michael Huang,Finance,Shelby Davis,2024-01-21,2024-12-01
I0064,Zachary Thomas,Operations,Robert Fields,2024-06-12,2024-08-31
I0065,Jessica Erickson,Data Science,Sara Stewart,2024-05-17,2024-11-09
I0066,Rebecca Finley,HR,Zachary Hill,2024-04-10,2024-09-27
I0067,Andre Ford,Marketing,Nancy Martin,2024-05-31,2024-08-11
I0068,Ricardo Mendez,HR,Rebecca Williams,2024-06-25,2024-09-27
I0069,Michael Simpson,Marketing,Daniel Wright,2024-04-08,2024-11-23
I0070,Tommy Murray,Operations,Destiny Craig,2024-02-05,2024-08-09
I0071,Andrew Murphy,Operations,Michele Berry,2024-04-05,2024-09-10
I0072,Brandon Torres,Operations,David Lane,2024-05-31,2024-08-08
I0073,Tracy Garcia,Marketing,Haley Hernandez,2024-05-30,2024-10-12
I0074,Charles Hawkins,HR,Terry Mcdaniel,2024-02-06,2024-07-14
I0075,James Thompson,Operations,Laura Davis,2024-01-12,2024-08-01
I0076,Amber Sandoval,IT,John Hoffman,2024-04-22,2024-12-26
I0077,Timothy Harris,Marketing,Regina Gonzalez DDS,2024-01-13,2024-11-02
I0078,Scott Jones,Marketing,Robert Rowland,2024-01-23,2024-12-13
I0079,Steven Robinson,HR,Dale Bruce,2024-04-08,2024-10-05
I0080,Gary Smith,Marketing,Robert Bryant,2024-04-14,2024-07-23
I0081,Matthew Jones,Marketing,Adam Cruz,2024-01-30,2024-09-01
I0082,Scott Miller,Operations,Vanessa Craig,2024-01-17,2024-11-20
I0083,Alyssa Washington,HR,Stephen Mendoza,2024-04-22,2024-11-30
I0084,Lisa Washington,Operations,Derrick Clark,2024-03-02,2024-11-22
I0085,Victoria Perez,Operations,Daniel Davidson,2024-03-24,2024-08-22
I0086,Mrs. Michelle Sanders,HR,Kevin Medina,2024-04-21,2024-10-12
I0087,Michael Thompson,Data Science,Charles Carroll,2024-03-26,2024-10-12
I0088,Stephanie Berry,Operations,Nancy Gomez,2024-05-20,2024-12-26
I0089,Andrew Montgomery,IT,Vanessa Fuller,2024-01-19,2024-08-08
I0090,Matthew Paul,IT,Adam Nelson,2024-06-25,2024-12-26
I0091,Jonathan Robinson,Marketing,Anthony Mcdaniel,2024-04-09,2024-11-11
I0092,Tiffany Underwood,IT,Robert Gould,2024-05-19,2024-09-05
I0093,Tamara Simmons,Marketing,Alexander Martin,2024-05-26,2024-11-12
I0094,Roberto Branch,Data Science,Christine Nelson,2024-03-16,2024-12-26
I0095,Amanda Simmons,HR,Beth Hughes,2024-01-09,2024-08-11
I0096,Patricia Sanchez,HR,Mr. Brad Dixon,2024-01-28,2024-07-15
I0097,James Mills,HR,John Mejia,2024-05-07,2024-10-19
I0098,Leon Jensen,IT,Marcus Rich,2024-02-21,2024-12-04
I0099,Julia Walton,Data Science,Mr. Michael Owens PhD,2024-03-23,2024-08-02
I0100,Victor Simmons,IT,Erica Smith,2024-04-20,2024-12-02
I0101,Annette White,IT,Nicholas Brooks,2024-05-23,2024-12-11
I0102,Kelli Kelly,Data Science,Jennifer Daugherty,2024-04-26,2024-12-04
I0103,Andrew Diaz,Data Science,John Ford,2024-03-09,2024-08-07
I0104,Elizabeth Pacheco,Data Science,Donald Bentley,2024-04-08,2024-10-05
I0105,Christina Montoya,Data Science,Dr. Patrick Harris,2024-05-19,2024-12-02
I0106,Mary Ballard,HR,Keith Grant,2024-01-25,2024-12-30
I0107,Samuel Fleming,Finance,Michelle Swanson,2024-06-28,2024-08-02
I0108,Pamela Castillo,Finance,Veronica Miles,2024-05-02,2024-09-24
I0109,Mary Henderson,Data Science,Amy Lucas,2024-02-22,2024-09-04
I0110,Rachael Martinez,Finance,Ryan Quinn,2024-05-30,2024-07-10
I0111,Kathleen Callahan DVM,Finance,Christopher Howell,2024-05-23,2024-07-05
I0112,Jesse Cobb,Data Science,John Graham,2024-02-26,2024-10-31
I0113,Joseph Wheeler,Finance,Jennifer Blair,2024-02-08,2024-09-12
I0114,Monica Kim,IT,Kevin Parker,2024-04-18,2024-10-05
I0115,Robert Anderson,Marketing,Brianna Stewart,2024-06-29,2024-10-26
I0116,Randy Ward,Marketing,Tracy Grimes,2024-02-11,2024-08-07
I0117,Rachel Brown,Data Science,Justin Robinson,2024-06-15,2024-11-18
I0118,Breanna Long,HR,Alicia Everett,2024-05-21,2024-12-06
I0119,Julie Nelson,Data Science,Renee Scott,2024-05-01,2024-08-16
I0120,Monica Richardson,HR,Karina Gomez,2024-05-12,2024-10-17
I0121,Jesse Anderson,Marketing,Michael Spencer,2024-06-11,2024-12-27
I0122,Jessica Dunn,Data Science,Amanda Moore,2024-03-15,2024-12-31
I0123,Oscar Key,Operations,Thomas Carney,2024-05-25,2024-07-15
I0124,Andrea Shelton,IT,Kevin Wise,2024-03-16,2024-12-04
I0125,Stephen Goodman,Finance,Kristin Ward,2024-01-09,2024-11-13
I0126,Michael Neal,HR,Joyce Sellers,2024-03-14,2024-07-05
I0127,Timothy Duncan,Operations,Brittany Wilkins,2024-05-24,2024-12-04
I0128,Patricia Cole,Finance,Christy Harris,2024-01-07,2024-08-16
I0129,Rita Fox,Finance,Michael Ramirez,2024-06-22,2024-09-06
I0130,Mrs. Lori Price,Data Science,Tiffany Long,2024-05-20,2024-09-14
I0131,Tiffany Patton,Finance,Tina Ayala,2024-06-16,2024-12-20
I0132,Angela Kaiser,IT,Joel Murray,2024-06-18,2024-11-07
I0133,Raymond Alvarez,Operations,Sarah Dixon,2024-05-16,2024-12-02
I0134,Darren Horne,Finance,Scott Barnes,2024-06-26,2024-10-03
I0135,Tammy Morris,Data Science,Earl Oliver,2024-01-27,2024-10-23
I0136,Stephanie West,IT,Diane James,2024-05-01,2024-12-11
I0137,Kevin Hess,Marketing,Penny Sandoval,2024-01-05,2024-08-05
I0138,Alexandria Salazar,Operations,Amy Daniels,2024-01-29,2024-07-26
I0139,Joseph Davidson,Finance,Teresa Porter,2024-06-13,2024-08-12
I0140,Elizabeth Lewis,Data Science,James Jackson,2024-06-14,2024-07-27
I0141,Catherine Wheeler,Marketing,William Carson,2024-03-23,2024-09-07
I0142,Craig Reid,Marketing,Stephanie Stewart,2024-05-15,2024-11-25
I0143,Joshua Ho,HR,Brian Benson,2024-04-18,2024-07-11
I0144,Tiffany Stone,IT,Ashley Baxter,2024-03-05,2024-09-12
I0145,David Rivers,Finance,Kyle Gutierrez,2024-03-26,2024-10-12
I0146,Christina Mejia,Data Science,Anthony Bell,2024-05-24,2024-08-07
I0147,Melissa Williams,HR,Brittney Gray,2024-03-11,2024-11-11
I0148,Kayla Harrell,IT,Michael Martin,2024-02-14,2024-07-23
I0149,Andrew Wang,HR,Sarah Ramos,2024-05-11,2024-08-16
I0150,Michelle Wall,Operations,Teresa Fernandez,2024-02-05,2024-09-28
I0151,Taylor Hall,IT,Ryan Massey,2024-03-10,2024-08-15
I0152,Daniel Alexander,IT,Edwin Aguilar,2024-06-07,2024-10-15
I0153,Erin Daniels,Finance,Michael Maxwell,2024-01-19,2024-11-17
I0154,James Bright,IT,Sherry Beard,2024-04-17,2024-11-18
I0155,Grant Vincent,HR,Erica Gonzalez,2024-06-30,2024-10-12
I0156,Stephen Barron,IT,Rebecca Dixon,2024-06-15,2024-10-19
I0157,Daniel Mcdonald,Finance,Deanna Harris,2024-03-31,2024-10-12
I0158,Lauren Romero,Finance,Virginia Ortega,2024-03-30,2024-08-29
I0159,Matthew Harrison,Operations,James Robinson,2024-01-19,2024-12-18
I0160,Joseph Gray,HR,Ariel Middleton,2024-02-08,2024-10-08
I0161,Kevin Johnson,Marketing,Taylor Armstrong,2024-05-05,2024-09-06
I0162,Danielle Chavez,Marketing,Veronica Howard,2024-06-21,2024-11-10
I0163,Sarah Brown,IT,Michelle Woods,2024-05-20,2024-10-28
I0164,Geoffrey Rodriguez,Operations,Gregory Norton,2024-05-05,2024-08-06
I0165,Mark Moreno,Data Science,Brian Garrison,2024-02-27,2024-09-10
I0166,Bryan Johnson,IT,Patricia Rogers,2024-05-27,2024-11-04
I0167,Kayla Brown,Operations,Judith Wood,2024-03-01,2024-10-14
I0168,Richard Sutton,HR,Brandi Spence,2024-05-06,2024-09-30
I0169,Anthony Stewart,HR,Brian Kelly,2024-04-14,2024-07-31
I0170,Carol Glass,HR,David Santos,2024-06-15,2024-10-30
I0171,Alexandra Powers,HR,Ricardo Bell,2024-01-01,2024-11-14
I0172,Cindy Robbins,HR,Amber Gardner,2024-05-10,2024-08-20
I0173,Kim Dean,Operations,Courtney White,2024-04-01,2024-07-29
I0174,Yvonne Oconnell,Operations,Andrew Rodgers,2024-04-22,2024-08-09
I0175,Angela Lewis,Finance,Jodi Clark,2024-06-01,2024-08-10
I0176,Marcus Friedman,Marketing,Wesley Richardson,2024-02-25,2024-07-11
I0177,Monique Gray,HR,Robert Morgan,2024-06-09,2024-11-28
I0178,Lindsey Horn,Data Science,Jorge Dillon,2024-06-14,2024-07-01
I0179,Alan Garner,Operations,Jane Taylor,2024-04-26,2024-08-15
I0180,Christopher Diaz,Data Science,Sherry Miller,2024-05-13,2024-10-09
I0181,Javier Munoz,Data Science,Martin Estes,2024-02-27,2024-11-26
I0182,Amber Mullins,Data Science,Jessica Massey MD,2024-02-13,2024-09-28
I0183,Allen Zavala,Finance,Angela Yates DDS,2024-06-21,2024-10-18
I0184,Joshua Lopez,Operations,Phillip Williams,2024-06-08,2024-12-11
I0185,Amber Owens,Data Science,Karen Martin,2024-06-21,2024-12-29
I0186,Ronald Graham,HR,Laura George,2024-03-01,2024-08-26
I0187,Alexander Jones,IT,Anna Wagner,2024-02-16,2024-07-01
I0188,Spencer Peterson,Data Science,Tiffany Ryan,2024-05-28,2024-09-01
I0189,Mark Lloyd,Finance,Dr. Erin Sanders DDS,2024-03-20,2024-12-29
I0190,Krista Peterson,Operations,Teresa Atkinson,2024-04-27,2024-08-24
I0191,Lori Garner,Finance,Carl Miller,2024-06-12,2024-10-23
I0192,Sheena Wood,Data Science,Michael Carpenter,2024-05-26,2024-12-15
I0193,Bill Davis,Operations,Sharon Edwards,2024-01-20,2024-11-20
I0194,Jordan Mccoy,IT,James Castillo,2024-05-25,2024-11-26
I0195,Victoria Morrison,Data Science,Kelly Flores,2024-02-16,2024-12-22
I0196,Thomas Richmond,Finance,Ashley Johnson,2024-02-18,2024-08-22
I0197,Ashley Lucas,Marketing,Daniel Lewis,2024-01-14,2024-11-14
I0198,Olivia Mayer,HR,James Ferguson,2024-05-22,2024-12-27
I0199,Karen Webb,Finance,Angel Evans,2024-06-07,2024-08-26
I0200,Monique Jones,Operations,Jacob Graves,2024-01-01,2024-10-25
I0201,Jeff Swanson,Data Science,Margaret Warren,2024-04-26,2024-12-01
I0202,Joanne Rowe,HR,David Love,2024-02-23,2024-12-16
I0203,Steven Jimenez,Data Science,Richard Byrd,2024-04-27,2024-08-04
I0204,Duane Thomas,Operations,Samantha Lee,2024-01-03,2024-09-01
I0205,Bridget Andrews,Data Science,Alyssa Conrad,2024-05-23,2024-07-25
I0206,John Castro,Marketing,Steven Hahn,2024-01-12,2024-09-28
I0207,Christine Montgomery,HR,Kevin King,2024-03-14,2024-09-13
I0208,Jennifer Washington,HR,April Farmer,2024-01-16,2024-08-07
I0209,Erica Olsen,Operations,Keith Harrison,2024-04-11,2024-11-07
I0210,Albert Keith,Marketing,Anthony Freeman,2024-05-31,2024-11-12
I0211,Jason Huynh,Finance,Kevin Rodriguez,2024-06-04,2024-12-09
I0212,Aaron Lindsey,Data Science,Stephanie Lambert,2024-04-26,2024-09-29
I0213,Ricky Wallace,IT,Jessica Dixon,2024-01-08,2024-07-17
I0214,Rachel Pollard,Data Science,Terri Mcmahon,2024-05-01,2024-11-05
I0215,Darryl Riley,Data Science,Brian Odom,2024-04-01,2024-12-18
I0216,Richard Warner,Finance,Martin Green,2024-06-12,2024-10-16
I0217,Vanessa Porter,Data Science,Joseph Shelton,2024-03-30,2024-12-26
I0218,Michael Graham,Marketing,Nicholas Greene,2024-05-15,2024-12-29
I0219,Angela Pham,Marketing,Michael Cunningham,2024-02-29,2024-11-29
I0220,Robert Smith,HR,Lauren Sanders,2024-06-26,2024-07-25
I0221,Jason Fletcher,Operations,Cassandra Hill,2024-01-28,2024-12-27
I0222,Jenna Reynolds,IT,Curtis Herrera,2024-04-10,2024-09-26
I0223,Stephanie Anthony,Data Science,Kelly Williams,2024-02-10,2024-12-08
I0224,Kimberly Hill,Data Science,Margaret Cruz,2024-06-03,2024-12-24
I0225,Joel Lane,Finance,Nathan Myers,2024-05-24,2024-07-29
I0226,Ryan Brown,Operations,Madison Lopez,2024-06-09,2024-09-01
I0227,Joshua Jones DDS,Marketing,Roy Moss,2024-06-05,2024-11-27
I0228,Sarah Johnston,IT,Tara Baker,2024-05-20,2024-12-01
I0229,David Santiago,HR,Brenda Williams,2024-02-15,2024-12-03
I0230,Jonathan Johnson,Marketing,Joshua Fritz,2024-02-04,2024-10-22
I0231,Austin Lawrence,Operations,Tyler Miller,2024-05-13,2024-08-18
I0232,Charles Camacho,HR,Joseph Wilson,2024-03-22,2024-09-19
I0233,Donald Perez,Finance,Dustin Keller,2024-04-24,2024-09-22
I0234,Luis Macdonald,Finance,Jessica Wright,2024-02-16,2024-10-13
I0235,Bradley Roth,Data Science,Claire Delacruz,2024-06-01,2024-12-24
I0236,Susan Murray,Operations,George Mitchell,2024-01-10,2024-11-25
I0237,Ronald George,IT,Travis Wood,2024-02-25,2024-10-26
I0238,Veronica Garrison,HR,Cheryl Jones,2024-01-30,2024-09-24
I0239,David Russell,Marketing,Jonathan Wagner,2024-04-18,2024-09-01
I0240,Kelly Rodriguez,Operations,Eric Soto,2024-01-05,2024-10-12
I0241,Adam Hernandez,Operations,Holly Wheeler,2024-04-28,2024-08-18
I0242,Nicole Robinson,Finance,Todd Garcia,2024-02-02,2024-09-09
I0243,Sarah Simmons,Data Science,Michelle Steele,2024-04-27,2024-07-01
I0244,Nathan Armstrong,Data Science,Eric Johnson,2024-03-05,2024-11-18
I0245,Michelle Obrien,HR,Julie Wilson,2024-05-25,2024-12-26
I0246,Julie Frank,Finance,Andrew Higgins,2024-06-25,2024-10-31
I0247,Christopher Sanchez,Operations,Jerry Jordan,2024-01-11,2024-12-31
I0248,Ann Johns,IT,Michael Ramirez,2024-03-25,2024-08-31
I0249,Alan Ross,Finance,Emily Gonzalez,2024-01-26,2024-08-01
I0250,Catherine Turner,HR,Andrew Zhang,2024-03-03,2024-12-05
I0251,Jessica Shields,HR,Morgan Blake,2024-03-26,2024-07-29
I0252,Bobby Trevino,Finance,Sharon Sullivan,2024-02-28,2024-08-18
I0253,Mark Bell,HR,Paul Benton,2024-01-27,2024-12-20
I0254,Anthony Lewis,Finance,Lisa Thompson,2024-06-25,2024-07-30
I0255,Erica Daniels,Marketing,Rhonda Miller,2024-06-09,2024-11-21
I0256,Alexandria Richmond,Finance,Daisy Smith,2024-04-07,2024-12-15
I0257,Adam Walsh,Finance,Sarah Wright,2024-04-14,2024-07-19
I0258,Ryan Strickland,HR,Linda Howard,2024-04-08,2024-07-18
I0259,Derek Bernard,HR,Nicole Stafford,2024-05-08,2024-07-01
I0260,Anthony Rodriguez,Data Science,Michael Gonzales,2024-05-28,2024-09-16
I0261,Lindsey Parker,Data Science,Caleb Carlson,2024-02-24,2024-10-23
I0262,Sierra Shelton,Marketing,Matthew Warren,2024-01-06,2024-12-22
I0263,Darren Bright,Data Science,Sierra Reynolds,2024-04-04,2024-10-21
I0264,Jose Park,Finance,Kristina Jones,2024-05-12,2024-10-22
I0265,Mr. Daniel Cain PhD,HR,William Benjamin,2024-04-11,2024-12-13
I0266,Norma Diaz,Data Science,Brittney Vargas,2024-01-03,2024-12-26
I0267,Brooke Morgan,Data Science,William Hoffman,2024-06-29,2024-09-01
I0268,Andrea Rivera,Marketing,Courtney Gonzalez,2024-01-23,2024-11-09
I0269,Larry Anderson,Operations,David Martin,2024-02-22,2024-11-06
I0270,Shane Robinson,Marketing,Christopher Deleon,2024-06-13,2024-07-08
I0271,Julie Mcintosh,Finance,Dr. Thomas Ewing,2024-03-23,2024-12-04
I0272,Lisa Johnson,HR,Charles Lane,2024-05-24,2024-08-24
I0273,Veronica Blackburn,Marketing,Steven Kramer,2024-03-25,2024-10-11
I0274,Jonathan Boyle,Data Science,Linda Norris,2024-03-18,2024-11-08
I0275,Danielle Ellis,HR,Bailey Kidd,2024-04-19,2024-08-01
I0276,Dawn Daniels,HR,Mary Vance,2024-01-01,2024-07-10
I0277,Tammy Brown,Data Science,Cody Gregory,2024-02-20,2024-10-18
I0278,Adam Day,Marketing,Matthew Burgess,2024-06-21,2024-12-09
I0279,Kimberly Porter,Data Science,Samuel Bryant,2024-01-04,2024-11-01
I0280,Donna Strickland,Operations,William Wilson,2024-04-22,2024-09-25
I0281,Dale Perry,HR,Kelly Barnes,2024-02-01,2024-08-24
I0282,James Trevino,IT,Mrs. Christina Mullins,2024-02-03,2024-08-01
I0283,Shawn Arnold,IT,Ian Morton,2024-04-01,2024-12-25
I0284,William Patel,Finance,Denise Mitchell,2024-04-04,2024-11-12
I0285,Kayla Stevens,Data Science,Angie Hayes,2024-03-12,2024-10-01
I0286,Zachary Murillo,Data Science,Wayne Martin,2024-02-08,2024-07-08
I0287,Angel Powell,Finance,William Beck,2024-06-02,2024-09-03
I0288,Brandon Miller,Finance,Amanda Mckee,2024-06-10,2024-08-26
I0289,Joseph Gonzales,Finance,Isabel Sampson,2024-06-30,2024-09-05
I0290,Sheila Lewis,HR,Hunter Lopez,2024-04-27,2024-09-10
I0291,Chelsea Davis,Operations,Diana Hall,2024-01-03,2024-08-23
I0292,Carlos Frey,Data Science,Joseph Murphy,2024-05-02,2024-09-05
I0293,Sean Dodson,HR,Anna Phillips,2024-02-19,2024-08-20
I0294,Amy Garrett,Finance,Catherine Bowman,2024-01-12,2024-10-05
I0295,Aaron Rowland,Data Science,Brenda Flores,2024-02-23,2024-09-30
I0296,Carl Larson,HR,Samantha Glover,2024-05-12,2024-07-08
I0297,Tonya Welch,Operations,Debra White,2024-02-26,2024-12-09
I0298,Kevin Williams,HR,Joshua Hicks,2024-05-24,2024-08-04
I0299,Brian Craig,Operations,Stephen Anderson,2024-04-21,2024-10-04
I0300,Michael Lang,Finance,Julie Guzman,2024-02-16,2024-09-26
I0301,Patricia Cooper,Operations,Ashley Martinez,2024-05-30,2024-09-16
I0302,Kathryn Brown MD,Data Science,Jennifer Cannon,2024-03-25,2024-08-01
I0303,Christopher Edwards,Finance,David Walker,2024-05-21,2024-10-28
I0304,Michael Scott,Data Science,Dakota Sharp,2024-03-06,2024-08-15
I0305,Diane Rodriguez,IT,Bryan King,2024-03-15,2024-11-21
I0306,Danny Miller,Marketing,Sean Montgomery,2024-06-27,2024-12-12
I0307,Tracey Bond,Operations,Wesley Jenkins Jr.,2024-04-12,2024-12-29
I0308,Brenda Lucas,Marketing,David Tucker,2024-06-14,2024-11-19
I0309,Lisa Bryant,Marketing,Justin Santos,2024-02-07,2024-08-24
I0310,Kimberly Cross,Operations,Jordan Hawkins,2024-02-19,2024-12-23
I0311,Felicia Kane,Finance,Jerry Alvarez,2024-04-07,2024-07-07
I0312,Jeanette Jackson,IT,Jill Ramirez,2024-03-22,2024-09-12
I0313,Abigail Jordan,Data Science,Michael Miller,2024-01-30,2024-07-07
I0314,Theresa Rhodes,HR,Sharon Brown,2024-03-19,2024-12-08
I0315,Laura Miller,Data Science,Barbara Wise,2024-03-31,2024-11-28
I0316,Joshua Richardson,HR,Amanda Jones,2024-06-27,2024-09-23
I0317,Cynthia Lane,Data Science,Mark Decker,2024-02-21,2024-11-24
I0318,John Clay,Operations,Elizabeth Watts,2024-06-14,2024-10-20
I0319,Mr. Jonathan Hill,IT,Eric Simpson,2024-03-19,2024-11-02
I0320,Ricky Durham,HR,Lisa Brown,2024-01-30,2024-11-24
I0321,Austin Wilson,Finance,Brittany Robinson,2024-04-15,2024-08-05
I0322,Daniel Mendoza,Data Science,Kimberly Miller,2024-02-20,2024-07-29
I0323,Paul Gilmore,Data Science,Veronica Suarez,2024-03-21,2024-09-20
I0324,Felicia Powers,HR,Jose Clark,2024-05-12,2024-07-02
I0325,Joseph Johnston,Finance,Travis Wilson,2024-01-29,2024-11-06
I0326,Roger Taylor,Finance,Kevin Vaughn,2024-05-11,2024-08-16
I0327,Brian Dunn,Operations,Gregory Reilly,2024-05-17,2024-11-25
I0328,Jack Henry,Operations,Patrick Russell,2024-05-24,2024-07-11
I0329,Yvonne Flynn,Operations,Sarah Macdonald,2024-03-14,2024-11-07
I0330,Stacy Beck,Operations,Jesse Martin,2024-01-17,2024-10-27
I0331,Mark Finley,Operations,John Miller,2024-03-24,2024-11-17
I0332,Dana Escobar,Operations,Ryan Long,2024-03-09,2024-07-20
I0333,Vanessa West,IT,Tracy Jones,2024-02-03,2024-07-05
I0334,Ruben Cardenas,Finance,Laura Ramos,2024-01-06,2024-08-06
I0335,Angela Sanchez,Operations,Steven Wright,2024-02-22,2024-12-13
I0336,Christina Freeman MD,Finance,Brian Johnson,2024-05-05,2024-11-14
I0337,Tanya Andrews,Finance,Margaret Williams,2024-02-12,2024-08-22
I0338,James Austin,Marketing,Edward Garcia,2024-04-24,2024-12-19
I0339,Kelly Little,IT,Aaron Sharp,2024-04-20,2024-10-07
I0340,Christopher Ortega,Operations,Tiffany Robinson,2024-05-30,2024-09-24
I0341,Dennis Gutierrez,Data Science,Jordan Pham,2024-03-20,2024-10-16
I0342,Donna Diaz,HR,Linda Bartlett,2024-04-04,2024-07-24
I0343,Raymond Diaz,Data Science,Alan Gibson,2024-04-27,2024-09-19
I0344,Emily Christensen,IT,Bethany Clark,2024-05-23,2024-12-05
I0345,Mary Bowen,HR,Courtney Myers,2024-01-08,2024-10-28
I0346,Katherine Jennings,IT,Colin Hurley,2024-05-11,2024-08-28
I0347,Jane Garza MD,Finance,Bethany Gonzalez,2024-04-13,2024-11-05
I0348,John Smith,HR,Shirley Phillips,2024-05-11,2024-10-22
I0349,Alice Rodriguez,Finance,Steven Obrien,2024-01-25,2024-10-23
I0350,Donna Bailey,Data Science,Amber Jefferson,2024-04-05,2024-07-14
I0351,Russell Howell,Data Science,Kathryn Edwards,2024-06-03,2024-07-09
I0352,Juan Miller,HR,Kaitlyn Nguyen,2024-04-02,2024-08-09
I0353,Matthew Hill,HR,Andrea Davis,2024-06-08,2024-07-25
I0354,Elizabeth Guerrero,Operations,David Gibbs,2024-06-26,2024-10-11
I0355,Patrick Keller,IT,Ethan Mann,2024-03-01,2024-07-22
I0356,Karen Anthony,Operations,Joseph Dudley,2024-05-01,2024-07-04
I0357,Brandon Porter,IT,Gary Higgins,2024-02-20,2024-12-01
I0358,Terri Roth,Operations,Patrick Vasquez,2024-05-26,2024-07-29
I0359,Kendra Watson,Finance,Corey Martin,2024-01-21,2024-10-17
I0360,Ann Hoffman,HR,Terri Holmes,2024-01-05,2024-10-06
I0361,Catherine Riley,Data Science,Angela Giles,2024-04-01,2024-08-06
I0362,Monica Rodriguez,IT,Kristen Kaufman,2024-06-18,2024-09-13
I0363,Julie Norris,IT,Denise Cox,2024-03-01,2024-09-08
I0364,Kendra Burns,Data Science,Elizabeth Wilson,2024-01-22,2024-11-23
I0365,Michelle Jones,Operations,Andrea Smith,2024-05-28,2024-11-05
I0366,Deanna Andersen,IT,Aaron Ewing,2024-03-10,2024-09-23
I0367,Johnny Gordon,Finance,Karen Jacobson,2024-01-01,2024-08-11
I0368,Cody Park,HR,Patricia Patton,2024-05-12,2024-10-08
I0369,Mr. Blake Kim,Data Science,Melissa Porter,2024-01-12,2024-08-10
I0370,Yolanda Johnson,HR,Roger Myers,2024-03-30,2024-12-13
I0371,Antonio King,IT,Nicholas Ross,2024-02-15,2024-08-03
I0372,Zachary Rodriguez,IT,Shaun Garrett,2024-02-03,2024-07-17
I0373,Theresa Phillips,Data Science,Charles Reyes,2024-06-25,2024-12-12
I0374,Teresa Hamilton,Finance,Brian Gibbs,2024-03-18,2024-11-30
I0375,Ronald Ingram,Marketing,Michael Thomas,2024-02-14,2024-10-30
I0376,Katrina Garcia MD,Data Science,Ashley Hernandez,2024-06-03,2024-09-14
I0377,Andrew Ramsey,Marketing,Jennifer Hudson,2024-03-13,2024-09-25
I0378,Randy Collins,Operations,Todd Anderson DVM,2024-01-26,2024-10-25
I0379,Nicole Page,Marketing,Daniel Luna,2024-02-16,2024-10-14
I0380,Timothy Sanchez,Finance,Ethan Tyler,2024-04-30,2024-09-24
I0381,Jasmine Tucker,Operations,Dr. Kenneth Taylor,2024-02-25,2024-07-27
I0382,Adam Jones,Marketing,Donna Dorsey,2024-04-03,2024-08-26
I0383,Arthur Mendoza,Operations,Daniel Thomas,2024-04-16,2024-07-31
I0384,Ryan Parker,Marketing,Mr. Gregory Martin,2024-03-03,2024-11-11
I0385,Karl Hunt,Finance,Randy Smith,2024-02-17,2024-12-15
I0386,Kristin James,Marketing,Connie Garcia,2024-03-01,2024-10-06
I0387,Ashley Cooper,Marketing,Janet Brown,2024-03-21,2024-07-12
I0388,Mary Holden,Marketing,Jeffrey Harvey,2024-01-26,2024-08-22
I0389,Charles Cruz,Data Science,Jonathan Dennis,2024-02-05,2024-11-15
I0390,Joseph Hunter,Data Science,Jeffrey Gonzalez,2024-01-01,2024-12-20
I0391,Leonard Miller,Data Science,Dana Arroyo,2024-01-08,2024-11-22
I0392,Hunter Myers,Finance,Cassandra Vazquez,2024-04-22,2024-12-01
I0393,Aaron Taylor,Operations,Brenda Ruiz,2024-04-08,2024-10-30
I0394,Ernest Mills,IT,Corey Williams,2024-06-28,2024-08-15
I0395,Toni Smith,Marketing,Brandon Smith,2024-02-16,2024-09-02
I0396,Ricardo Gonzales Jr.,Marketing,Dr. Mary Johnson,2024-05-06,2024-11-07
I0397,Lisa Holland,Finance,Mary Morris,2024-02-25,2024-08-23
I0398,Rhonda Cruz,Marketing,Noah Smith,2024-01-14,2024-10-15
I0399,Eric Rice,Data Science,Shelby Perez,2024-01-28,2024-08-20
I0400,Kristen Hernandez,IT,Keith Wilson,2024-03-18,2024-12-28
I0401,Laura Horton,HR,Jeffrey Garcia,2024-05-09,2024-08-05
I0402,Logan Burgess,Marketing,Beth Young,2024-04-18,2024-10-23
I0403,Victoria Pope,Data Science,Catherine Jackson,2024-06-02,2024-07-26
I0404,Stacy Kelly,HR,Jose Tucker,2024-01-14,2024-07-29
I0405,Edward Malone,IT,Mrs. Karen Lee,2024-02-25,2024-11-26
I0406,Trevor Sherman,HR,Joanne Richard,2024-04-24,2024-07-11
I0407,Chad Clark,Data Science,Julian Sanchez,2024-01-07,2024-08-09
I0408,Brandon Fernandez,Operations,Mark Novak,2024-01-03,2024-07-11
I0409,Austin Hawkins,Operations,Scott Pennington,2024-04-20,2024-12-11
I0410,Theresa Lane,HR,Barbara Thompson,2024-05-30,2024-10-21
I0411,Maria Lyons,Finance,Kimberly Miller,2024-04-16,2024-08-08
I0412,Isaac Schneider,HR,Kristen Holmes,2024-01-18,2024-08-23
I0413,Ricardo Grimes,Marketing,Amanda Peck,2024-02-07,2024-10-06
I0414,Joanna Harrison,Marketing,Amanda Johnson,2024-04-24,2024-08-24
I0415,Brandi Tucker,Operations,Pamela Blake,2024-01-15,2024-10-19
I0416,Kelsey Vaughn,Finance,Matthew Shaw,2024-04-28,2024-11-29
I0417,Gary Simmons,Data Science,Anthony Rivera,2024-01-28,2024-11-27
I0418,Julie Fowler,Marketing,Heather Deleon,2024-02-08,2024-09-07
I0419,Brianna Huang,Operations,Kristen Peterson,2024-01-17,2024-08-25
I0420,Bobby Flynn,IT,Melissa Morris,2024-03-26,2024-08-02
I0421,Russell Patton,Operations,Jimmy Bailey,2024-05-05,2024-08-05
I0422,Elizabeth White,Marketing,Tamara Johnson,2024-02-13,2024-11-25
I0423,Elizabeth Oneal,Marketing,Kimberly Moore,2024-01-25,2024-09-19
I0424,Jose Griffin,Operations,Jeremiah Sloan,2024-05-24,2024-10-17
I0425,Katelyn Johnson,Data Science,Mario Hernandez,2024-01-13,2024-12-01
I0426,Kimberly Tyler,HR,Beth Spencer,2024-01-25,2024-09-11
I0427,Tyler Knapp,Marketing,Robert Wilson,2024-03-08,2024-08-09
I0428,John Johnson,Operations,Keith Miller,2024-05-17,2024-07-17
I0429,Claudia Mathis,Operations,David Taylor,2024-03-07,2024-11-06
I0430,Amber Fuller,Finance,Bryan Sullivan,2024-04-18,2024-08-30
I0431,Joshua Andrade,HR,William Parker,2024-05-25,2024-12-18
I0432,Emily Valdez,IT,James Rogers,2024-04-20,2024-10-12
I0433,Chad Anderson,Data Science,Michael Casey,2024-04-20,2024-08-11
I0434,Kathy Allen,IT,Michael Cline,2024-02-03,2024-07-25
I0435,Angela Trevino,HR,Jordan Smith MD,2024-04-20,2024-08-08
I0436,John Ochoa,HR,Bradley Harvey,2024-01-08,2024-08-04
I0437,Stephen Perez,HR,Paul Guzman,2024-06-16,2024-11-08
I0438,Joseph Booth,IT,Carrie Sanders,2024-04-22,2024-10-16
I0439,John Hayes,HR,William Franklin,2024-03-23,2024-12-19
I0440,Wyatt Thompson,Operations,Janice Rhodes,2024-02-11,2024-12-26
I0441,Donna Smith,IT,David Camacho MD,2024-06-17,2024-10-10
I0442,Alexis Howard,HR,Brenda Massey,2024-04-10,2024-10-06
I0443,Debbie Turner,Operations,Matthew Stewart,2024-01-06,2024-07-12
I0444,Jessica Ross,Finance,Howard Moore,2024-06-28,2024-07-19
I0445,Cheyenne Herring,HR,Valerie Mcgrath,2024-01-26,2024-10-09
I0446,Karen Nichols,IT,Nathaniel Hays,2024-03-04,2024-08-13
I0447,Ryan Leach,Marketing,Johnny Clark MD,2024-02-28,2024-08-18
I0448,Nathan Austin MD,HR,Derek Freeman,2024-04-18,2024-07-17
I0449,Leslie Sanchez,Marketing,Eric Young,2024-04-30,2024-09-12
I0450,John Mccullough,Operations,Benjamin Jackson,2024-02-02,2024-08-26
I0451,Jacob Lloyd,Finance,Kim Johnson,2024-06-29,2024-08-24
I0452,Natalie Brown,Data Science,Rebecca Buck,2024-05-29,2024-08-16
I0453,Alyssa Taylor,Finance,Kristen White,2024-01-21,2024-07-12
I0454,Sara Jennings,HR,Anthony Robinson,2024-03-10,2024-08-31
I0455,Tammy Phillips,Marketing,Lee Clark,2024-04-21,2024-09-18
I0456,Stephen Carrillo,Marketing,Donald Carson,2024-01-04,2024-09-21
I0457,Karen Pierce,IT,Taylor Jackson,2024-04-03,2024-07-08
I0458,Timothy Moore,Marketing,James Edwards,2024-03-15,2024-11-26
I0459,Kelly Turner,IT,Francisco Thompson,2024-03-02,2024-09-19
I0460,Michael Roberts,Operations,Sarah Johnson MD,2024-04-03,2024-10-26
I0461,Matthew Gutierrez,Data Science,Vincent Campbell,2024-04-04,2024-07-25
I0462,Ashley Watkins,HR,Christopher Anderson,2024-05-31,2024-09-27
I0463,Angela Greene,IT,Miss Monica Peterson,2024-02-24,2024-07-12
I0464,Jordan Cooper,Data Science,Katrina Taylor,2024-05-16,2024-11-20
I0465,James Sweeney,Marketing,Henry Smith,2024-05-10,2024-08-28
I0466,Joseph Peterson,Marketing,Justin Brooks,2024-01-31,2024-12-01
I0467,Veronica Torres,Data Science,Kristy Garcia,2024-02-09,2024-10-17
I0468,Cheryl Shea,Marketing,Paul Graham,2024-02-05,2024-07-26
I0469,Mark Walker,Operations,Walter Barton,2024-05-31,2024-08-16
I0470,Rachel Howe,Operations,Haley Rodriguez,2024-01-06,2024-08-01
I0471,Joseph Torres,Data Science,James Morris,2024-03-06,2024-07-10
I0472,Donald Boyd,IT,Vincent Henderson,2024-03-15,2024-07-16
I0473,Todd Francis,IT,Kevin Perez,2024-01-04,2024-11-22
I0474,Mark Miles,Data Science,Sarah Torres,2024-03-19,2024-11-28
I0475,James Davis,IT,Tyler Murray,2024-05-13,2024-07-26
I0476,Jessica Johnson,IT,Timothy Morris,2024-04-27,2024-09-24
I0477,Scott Simpson,Operations,Jennifer Wood,2024-04-22,2024-11-12
I0478,Travis Rose,IT,Joshua Singh,2024-04-03,2024-07-14
I0479,Cindy Johnson,Finance,Samantha Johnson,2024-06-27,2024-09-17
I0480,Amanda Weaver,HR,Mike Gamble,2024-03-02,2024-10-25
I0481,Edward Duncan,Marketing,Michael Anderson,2024-03-19,2024-07-07
I0482,Shelby Gonzalez,Finance,Melvin Smith,2024-05-15,2024-11-14
I0483,Erika Patton,IT,Donald Webb,2024-01-26,2024-10-23
I0484,Carol Hayes,Operations,Kevin Morris,2024-06-27,2024-12-23
I0485,John Lee,Data Science,Andrew Smith,2024-06-21,2024-09-10
I0486,Betty Thompson,IT,Kristin Rowe,2024-02-13,2024-08-28
I0487,Nicholas Garcia,Operations,Amy Lewis,2024-05-12,2024-09-20
I0488,Michael Williams,HR,Jason Molina,2024-03-10,2024-10-24
I0489,Michael Pierce,IT,Clifford Payne,2024-06-02,2024-12-14
I0490,Daniel Christian,Data Science,Benjamin Collier,2024-04-27,2024-11-23
I0491,Kimberly Johnson,Operations,Courtney Hampton,2024-03-08,2024-10-11
I0492,Lisa Chandler,Operations,Mark Dudley,2024-01-19,2024-07-17
I0493,Douglas Boyer,Operations,Robert Robertson,2024-01-20,2024-07-14
I0494,Eddie Moore,HR,David Kim,2024-04-22,2024-12-06
I0495,Jonathan Cunningham,IT,Aaron James,2024-05-19,2024-11-29
I0496,Mary Green,HR,Kimberly Valdez,2024-02-16,2024-10-16
I0497,Ebony Hall,Marketing,Daniel Tate,2024-01-01,2024-08-14
I0498,Michael Miller,Marketing,Chad Craig,2024-03-30,2024-10-06
I0499,Angela Gomez,IT,Brian Dawson,2024-05-21,2024-11-08
I0500,Roberto Peck,HR,Justin Maynard,2024-03-04,2024-08-06
